username,age
Dino,84
Thelma,23
Adolf,46
Krystal,20
Hailey,17
Lucious,61
Marlene,32
Ofelia,70
Rick,59
Lou,60
Bethel,34
Samir,49
Amparo,66
Stanton,54
Celestino,30
Josue,68
Catalina,43
Eudora,31
Catherine,11
Muhammad,40
Alexie,77
Jazlyn,56
Darrell,47
Jack,35
Hailie,72
Stephanie,33
Dakota,18
Guadalupe,39
Natalia,30
Alfredo,64
Rosalee,74
Reanna,80
Reid,16
Daryl,13
Armani,39
Camila,18
Julianne,82
Floy,40
Gilda,33
Isac,29
Kyla,39
Ernestina,70
Chloe,39
Murray,25
Eva,63
Viviane,23
Gabrielle,26
Elna,66
Elian,54
Gwendolyn,57
Paul,19
Greg,23
Leila,90
Randi,25
Audrey,92
Nora,33
Velva,83
Abbey,37
Roger,59
Marianna,74
Letitia,47
Aubree,47
Luther,14
Quinten,90
Isabell,64
Geovanni,55
Hazel,45
Johnson,97
Freddie,89
Lucienne,25
Modesto,52
Austen,94
Madison,71
Antwan,17
Pierre,42
Alayna,69
Norberto,62
Lorenzo,61
Amely,37
Kendall,57
Meredith,27
Dana,43
Kailey,56
Andre,34
Neil,98
Carmelo,48
Olga,98
Kianna,84
Alek,69
Elmira,21
Lillie,88
Teresa,32
Thea,87
Julien,30
Robert,44
Mollie,76
Delpha,55
Nasir,84
Adah,47
Rickey,21
